Generation, Elite_Fit, Best Fit, Peak Fit
0,43.63392200039667,43.63392200039667,188.70562801641427
